{
  "hash": "931c05e9",
  "configHash": "25236f93",
  "lockfileHash": "903ba1c0",
  "browserHash": "5f81d525",
  "optimized": {
    "@angular/common": {
      "src": "../../../../../../node_modules/@angular/common/fesm2022/common.mjs",
      "file": "@angular_common.js",
      "fileHash": "4e0bc336",
      "needsInterop": false
    },
    "@angular/common/http": {
      "src": "../../../../../../node_modules/@angular/common/fesm2022/http.mjs",
      "file": "@angular_common_http.js",
      "fileHash": "7018e847",
      "needsInterop": false
    },
    "@angular/core": {
      "src": "../../../../../../node_modules/@angular/core/fesm2022/core.mjs",
      "file": "@angular_core.js",
      "fileHash": "9d654a54",
      "needsInterop": false
    },
    "@angular/forms": {
      "src": "../../../../../../node_modules/@angular/forms/fesm2022/forms.mjs",
      "file": "@angular_forms.js",
      "fileHash": "323bfa05",
      "needsInterop": false
    },
    "@angular/platform-browser": {
      "src": "../../../../../../node_modules/@angular/platform-browser/fesm2022/platform-browser.mjs",
      "file": "@angular_platform-browser.js",
      "fileHash": "bb2d1b6f",
      "needsInterop": false
    },
    "@angular/router": {
      "src": "../../../../../../node_modules/@angular/router/fesm2022/router.mjs",
      "file": "@angular_router.js",
      "fileHash": "409198da",
      "needsInterop": false
    },
    "@ng-bootstrap/ng-bootstrap": {
      "src": "../../../../../../node_modules/@ng-bootstrap/ng-bootstrap/fesm2022/ng-bootstrap.mjs",
      "file": "@ng-bootstrap_ng-bootstrap.js",
      "fileHash": "cd62c43f",
      "needsInterop": false
    }
  },
  "chunks": {
    "chunk-NQZWWLHA": {
      "file": "chunk-NQZWWLHA.js"
    },
    "chunk-J3X22I2Z": {
      "file": "chunk-J3X22I2Z.js"
    },
    "chunk-4NX2IAEN": {
      "file": "chunk-4NX2IAEN.js"
    },
    "chunk-5XCGKXA3": {
      "file": "chunk-5XCGKXA3.js"
    },
    "chunk-5XVH6DWQ": {
      "file": "chunk-5XVH6DWQ.js"
    },
    "chunk-ZX6PEEBU": {
      "file": "chunk-ZX6PEEBU.js"
    }
  }
}