{
  "hash": "1f05d86f",
  "configHash": "1717cfc2",
  "lockfileHash": "f51d307d",
  "browserHash": "fce096a3",
  "optimized": {
    "@angular/common": {
      "src": "../../../../../../node_modules/@angular/common/fesm2022/common.mjs",
      "file": "@angular_common.js",
      "fileHash": "95204161",
      "needsInterop": false
    },
    "@angular/common/http": {
      "src": "../../../../../../node_modules/@angular/common/fesm2022/http.mjs",
      "file": "@angular_common_http.js",
      "fileHash": "1d9a543a",
      "needsInterop": false
    },
    "@angular/core": {
      "src": "../../../../../../node_modules/@angular/core/fesm2022/core.mjs",
      "file": "@angular_core.js",
      "fileHash": "00cdbd6a",
      "needsInterop": false
    },
    "@angular/forms": {
      "src": "../../../../../../node_modules/@angular/forms/fesm2022/forms.mjs",
      "file": "@angular_forms.js",
      "fileHash": "56399dbe",
      "needsInterop": false
    },
    "@angular/platform-browser": {
      "src": "../../../../../../node_modules/@angular/platform-browser/fesm2022/platform-browser.mjs",
      "file": "@angular_platform-browser.js",
      "fileHash": "a198d1b4",
      "needsInterop": false
    },
    "@angular/router": {
      "src": "../../../../../../node_modules/@angular/router/fesm2022/router.mjs",
      "file": "@angular_router.js",
      "fileHash": "84d70ca0",
      "needsInterop": false
    },
    "@ng-bootstrap/ng-bootstrap": {
      "src": "../../../../../../node_modules/@ng-bootstrap/ng-bootstrap/fesm2022/ng-bootstrap.mjs",
      "file": "@ng-bootstrap_ng-bootstrap.js",
      "fileHash": "23d6cd04",
      "needsInterop": false
    },
    "ngx-toastr": {
      "src": "../../../../../../node_modules/ngx-toastr/fesm2022/ngx-toastr.mjs",
      "file": "ngx-toastr.js",
      "fileHash": "81a90a50",
      "needsInterop": false
    },
    "@angular/platform-browser/animations": {
      "src": "../../../../../../node_modules/@angular/platform-browser/fesm2022/animations.mjs",
      "file": "@angular_platform-browser_animations.js",
      "fileHash": "a6febec1",
      "needsInterop": false
    }
  },
  "chunks": {
    "chunk-RIHOY4BZ": {
      "file": "chunk-RIHOY4BZ.js"
    },
    "chunk-ZTMBTAIF": {
      "file": "chunk-ZTMBTAIF.js"
    },
    "chunk-RSD4EO2S": {
      "file": "chunk-RSD4EO2S.js"
    },
    "chunk-J3X22I2Z": {
      "file": "chunk-J3X22I2Z.js"
    },
    "chunk-4NX2IAEN": {
      "file": "chunk-4NX2IAEN.js"
    },
    "chunk-5XCGKXA3": {
      "file": "chunk-5XCGKXA3.js"
    },
    "chunk-5XVH6DWQ": {
      "file": "chunk-5XVH6DWQ.js"
    },
    "chunk-ZX6PEEBU": {
      "file": "chunk-ZX6PEEBU.js"
    }
  }
}